Ürün Adı,Fabrika
Sika Viscocrete HT 2541,TR16
Sikaviscocrete PC-15 TR dökme KG,TR16
Sika Viscocrete PC 61 Dökme,TR16
SİKARAPİD-1,TR16
SikaControl-13 AER TR 1000kgKONT,TR16
Plastocrete N TR 1000kgKONT,TR16
Antisol E-200 TR 200kgV,TR16
Sika Viscocrete Hi Tech 5876,TR16
Sika Viscocrete HT 6423,TR16
Sikatard 930 dökmeKG,TR16
Sigunit L 25,TR16
Sigunit L-25 E,TR16
Sigunit 5402 Af,TR16
Sigunit 5601AF,TR16
SIKAMENT FNN,TR16
SIKA INTRAPLAST-Z (5 KG),TR16
SİKARAPİD-5,TR16
Sikament RMC 1841,TR16
Sikament RMC 245S,TR16
Sika Viscocrete HT 3798,TR16
Sika Viscocrete PC 65,TR16
Sika Viscocrete HT 6160,TR16
Sika Viscocrete HT 6018,TR16
Sika Viscocrete ht 4156 S,TR16
Sika Viscocrete HT 3619,TR16
Sika Viscocrete HT 4808 S,TR16
Sika Viscocrete HT 2928,TR16
Sika Viscocrete HT 5473 sp,TR16
Sika Viscocrete PC 61,TR16
Sika Viscocrete HT 2929,TR16
Sika Viscocrete HT 5105 S,TR16
Sika Viscocrete ht 5643,TR16
Sika Viscocrete ht 6857,TR16
Sika Viscocrete ht 6858,TR16
Sika Viscocrete HT 3058,TR16
Sika Viscocrete HT 4087 S,TR16
Sika Viscocrete HT 4087 B,TR16
Sika Viscocrete ht 5415,TR16
Sika Viscoflow 6377,TR15
Sika Viscocrete HT 7220,TR16
Sika Viscocrete ht 6351,TR16
Sika Viscocrete ht 5958 S,TR16
Sika Viscocrete ht 5252 S,TR16
Sika Viscocrete HT 5718 EB,TR16
Sika Viscocrete HT 6349,TR16
Sika Viscocrete HT 5093,TR16
Sika Viscocrete HT 5556 S,TR16
Sika Viscocrete HT 4127,TR16
Sika Viscocrete HT 5623,TR16
Konsantre Kalıp Yağı Bidon,TR16
Konsantre Kalıp Yağı varil,TR16
Konsantre Kalıp Yağı ıbc,TR16
Seperol S3 Kalıp Yağı varil,TR16
Sika Rapid-1 Bidon,TR16
Sika Rapid-5 Bidon,TR16
Sika Rapid 131R Bidon,TR16
Sikament 524,TR16
Sikament 524 N,TR16
Sikament 704,TR16
Sika Retarder 107,TR16
Sika Retarder Dökme,TR16
Sika Retarder IBC,TR16
Sika Retarder Varil,TR16
Sika Viscocrete HT 6700,TR16
Sika Viscoflow 6506,TR16
Sika Viscocrete HT 7171,TR16
Sika Viscocrete Hi-Tech 5915,TR16
Sika Viscocrete Hi-Tech 5349,TR16
Sika Viscocrete HT 6329,TR16
Sika Viscocrete HT 6852,TR16
Sika Viscoflow 6440,TR16
Sika Plastiment PZ 523 TR,TR16
Sika ViscoCrete SKY 4123 S,TR16
Sika Viscocrete SKY 3511,TR16
Sika Viscocrete HT 7290,TR16
Sika Viscocrete HT 6506,TR16
Sika Viscocrete HT 44,TR16
Sika Viscocrete HT 27,TR16
Sika Viscocrete GL 3113,TR15
Sika Viscocrete HT 6574,TR16
Sika Viscocrete HT 6574 S,TR15
Sika Viscocrete HT 7196,TR15
Sika Viscocrete SKY 3580,TR16
Sika Viscocrete HT 6934,TR16
Sika Viscocrete HT 2541,TR16
Sika Paver HC-1,TR14
Sika Paver HC-110,TR16
Sika Viscocrete GL 3235,TR16
Sika Viscocrete HT 7116,TR16
Sika Viscoflow 6548 S,TR15
Sika Viscocrete HT 6763,TR16
SikaControl-1200 WT,TR16
Sika Viscocrete HT 7302,TR15
Sika Viscocrete HT 7012,TR16
Sika Viscocrete HT 6972,TR16
Sika Viscocrete HT 6977,TR16
Sika Viscocrete HT 6978,TR16
Sika Viscocrete HT 4934,TR16
Sika Viscoflow 6505,TR16
Sika Viscocrete HT 6648,TR15
Sika Viscocrete HT 6622,TR16
Sikament 524 RMC,TR15
Sikament-4350 RMC,TR15
Sikament MR 72 S,TR15
Sika Viscocrete HT 3621,TR15
Sika Control 200 Aer,TR15
Sika Viscocrete HT 3458 W,TR15
Sika Viscocrete HT 3966,TR15
Sika PlastoCrete N,TR15
